Workbook
Name Impact_Scale: 'HIDE - Data Validation'!$D$4:$D$9
Name Probability_Scale: 'HIDE - Data Validation'!$B$4:$B$9
Name Risk_Response: 'HIDE - Data Validation'!$F$4:$F$7

Sheet Colour Palettes
B2: When to Use Palette Colours - Now with More Reds!
B4: Use these colours for conditional formatting and charts.
C5: Greens | I5: Blues | O5: Reds | U5: Yellows
A8: R | B8: 156 | C8: 123 | D8: 90 | E8: 63 | F8: 45 | G8: R | H8: 102 | I8: 51 | J8: 0 | K8: 0 | L8: 0 | M8: R | N8: 162 | O8: 130 | P8: 97 | Q8: 65 | R8: 32 | S8: R | T8: 232 | U8: 225 | V8: 217 | W8: 204 | X8: 172
A9: G | B9: 177 | C9: 151 | D9: 125 | E9: 88 | F9: 62 | G9: G | H9: 173 | I9: 145 | J9: 118 | K9: 94 | L9: 71 | M9: G | N9: 65 | O9: 52 | P9: 39 | Q9: 26 | R9: 13 | S9: G | T9: 199 | U9: 181 | V9: 162 | W9: 146 | X9: 115
A10: B | B10: 141 | C10: 103 | D10: 65 | E10: 46 | F10: 32 | G10: B | H10: 193 | I10: 173 | J10: 152 | K10: 122 | L10: 91 | M10: B | N10: 48 | O10: 38 | P10: 29 | Q10: 19 | R10: 10 | S10: B | T10: 112 | U10: 64 | V10: 16 | W10: 0 | X10: 0
A14: R | B14: 176 | C14: 113 | D14: 43 | E14: 34 | F14: 26 | G14: R | H14: 127 | I14: 84 | J14: 41 | K14: 33 | L14: 25 | M14: R | N14: 178 | O14: 176 | P14: 165 | Q14: 148 | R14: 130
A15: G | B15: 197 | C15: 177 | D15: 158 | E15: 126 | F15: 95 | G15: G | H15: 145 | I15: 108 | J15: 71 | K15: 57 | L15: 43 | M15: G | N15: 95 | O15: 56 | P15: 45 | Q15: 62 | R15: 51
A16: B | B16: 52 | C16: 45 | D16: 54 | E16: 43 | F16: 32 | G16: B | H16: 159 | I16: 127 | J16: 95 | K16: 76 | L16: 57 | M16: B | N16: 95 | O16: 56 | P16: 45 | Q16: 62 | R16: 38

Sheet Standards
B2: When to Use Standard Colours
B4: The information on this worksheet is meant as a guide for creating tools using the correct colour scheme.
B6: White
B7: Permanently blank cells.
B8: Cells in which data values must be entered by the user.
B10: Info-Tech Navy | C10: RGB 41, 71, 95
B11: To mark primary column or row headings.
B13: Blue | C13: RGB 98, 147, 187
B14: To mark secondary column or row headings.
B15: As a contrast to an immediately proximate Info-Tech Navy row or column.
B17: Light Blue | C17: RGB 202, 218, 232
B18: To mark tertiary columns or rows. Typically used to distinguish drop-down menus from input-text boxes.
B19: As a contrast to an immediately proximate Blue row or column, Light Green row or column, or White row or column.
B21: Light Green | C21: RGB 206, 217, 144
B22: To mark rows, columns or cells that display totals or running totals [formula cells].
B23: As a contrast to an immediately proximate Light Blue row or column or White row or column.
B25: Grey | C25: RGB 214, 214, 214
B26: When all the above colors have been used and an additional highlighting color is required. Should be used sparingly/rarely.

Sheet Evaluación de Riesgo Vinculador
B2: Vinculador DMAF
B5: Nivel 1: Tipos de Riesgo de la IA | J5: Riesgo inherente: ¿Cuál es la probabilidad y el impacto de estos riesgos específicos para el caso de uso identificado? | Q5: Riesgo residual: ¿cuál es el riesgo restante después de completar los elementos de acción de la izquierda?
B6: Diseño | C6: Algoritmo y Modelo | D6: Datos | E6: Operacional | F6: Nivel 2: Riesgos de IA | G6: Risk Owner (Person) | H6: Risk Control Status: Existing/Acceptable Existing/Requires Update Non-Existent/Requires New Policy | I6: Risk Control Description (i.e. Reference exsting policy, procedures or documents) for existing risk controls, For Non-Existent Controls - include name of new required policy, procedure, or document to be created | J6: Probabilidad Inherente | K6: Column1 | L6: Impacto Inherente | M6: Column2 | N6: Riesgo Inherente (Probabilidad x Impacto) | O6: Respuesta al Riesgo | P6: Controles y Acciones Recomendaciones | Q6: Probabilidad Residual | R6: Column3 | S6: Impacto Residual | T6: Column4 | U6: Riesgo Residual | V6: Reducción del Riesgo
B7: x | E7: x | F7: Supervisión humana insuficiente de los resultados del modelo. | J7: 3 (Medio) | K7: X | L7: 4 (Alto) | M7: = | N7: =IF(Table1345[[#This Row],[Nivel 2: Riesgos de IA]]="",0,_xlfn.NUMBERVALUE(LEFT(Table1345[[#This Row],[Probabilidad Inherente ]],1))*_xlfn.NUMBERVALUE(LEFT(Table1345[[#This Row],[Impacto Inherente]],1))) -> 12 | O7: Mitigar/Reducir | P7: Involucrar al PO y a los Responsables Funcionales en las reuniones de revisión y durante todo el Ciclo de Operacionalización de la solución. El resultado de la solución no debe ser volcado directamente en los instrumentos de decisión de la organización sin revisión previa. | Q7: 2 (Bajo) | R7: X | S7: 2 (Bajo) | T7: = | U7: =IF(Table1345[[#This Row],[Nivel 2: Riesgos de IA]]="",0,_xlfn.NUMBERVALUE(LEFT(Table1345[[#This Row],[Probabilidad Residual]],1))*_xlfn.NUMBERVALUE(LEFT(Table1345[[#This Row],[Impacto Residual]],1))) -> 4 | V7: =Table1345[[#This Row],[Riesgo Inherente (Probabilidad x Impacto)]]-Table1345[[#This Row],[Riesgo Residual ]] -> 8
B8: x | D8: x | F8: El modelo reproduce o exacerba los sesgos existentes en los datos de entrenamiento. | J8: 3 (Medio) | K8: X | L8: 4 (Alto) | M8: = | N8: =IF(Table1345[[#This Row],[Nivel 2: Riesgos de IA]]="",0,_xlfn.NUMBERVALUE(LEFT(Table1345[[#This Row],[Probabilidad Inherente ]],1))*_xlfn.NUMBERVALUE(LEFT(Table1345[[#This Row],[Impacto Inherente]],1))) -> 12 | O8: Mitigar/Reducir | P8: Solicitar mayor cantidad de datos que ayuden a precisar la información y que esta sea más exacta e íntegra, evitando interpretaciones sesgadas, además de asegurarse de acotar los criterios y las fuentes de donde se realiza la búsqueda de información. | Q8: 3 (Medio) | R8: X | S8: 3 (Medio) | T8: = | U8: =IF(Table1345[[#This Row],[Nivel 2: Riesgos de IA]]="",0,_xlfn.NUMBERVALUE(LEFT(Table1345[[#This Row],[Probabilidad Residual]],1))*_xlfn.NUMBERVALUE(LEFT(Table1345[[#This Row],[Impacto Residual]],1))) -> 9 | V8: =Table1345[[#This Row],[Riesgo Inherente (Probabilidad x Impacto)]]-Table1345[[#This Row],[Riesgo Residual ]] -> 3
D9: x | F9: Los datos utilizados para entrenar el modelo no cumplen con el propósito previsto (p. ej., problemas de etiquetado de datos, metodología de muestreo incorrecta, errores u omisiones significativos en el conjunto de datos de entrenamiento). | J9: 3 (Medio) | K9: X | L9: 4 (Alto) | M9: = | N9: =IF(Table1345[[#This Row],[Nivel 2: Riesgos de IA]]="",0,_xlfn.NUMBERVALUE(LEFT(Table1345[[#This Row],[Probabilidad Inherente ]],1))*_xlfn.NUMBERVALUE(LEFT(Table1345[[#This Row],[Impacto Inherente]],1))) -> 12 | O9: Mitigar/Reducir | P9: Asegurarse de que los documentos y las fuentes a evaluar, posean un contenido con el menor porcentaje de data errada, evitando que los resultados del análisis y evaluación sean equivocados y no permitan la toma de decisiones correctas. | Q9: 3 (Medio) | R9: X | S9: 3 (Medio) | T9: = | U9: =IF(Table1345[[#This Row],[Nivel 2: Riesgos de IA]]="",0,_xlfn.NUMBERVALUE(LEFT(Table1345[[#This Row],[Probabilidad Residual]],1))*_xlfn.NUMBERVALUE(LEFT(Table1345[[#This Row],[Impacto Residual]],1))) -> 9 | V9: =Table1345[[#This Row],[Riesgo Inherente (Probabilidad x Impacto)]]-Table1345[[#This Row],[Riesgo Residual ]] -> 3
E10: x | F10: Los cambios legales o regulatorios exigen que el proveedor modifique significativamente o retire el algoritmo. | J10: 1 (Muy bajo) | K10: X | L10: 4 (Alto) | M10: = | N10: =IF(Table1345[[#This Row],[Nivel 2: Riesgos de IA]]="",0,_xlfn.NUMBERVALUE(LEFT(Table1345[[#This Row],[Probabilidad Inherente ]],1))*_xlfn.NUMBERVALUE(LEFT(Table1345[[#This Row],[Impacto Inherente]],1))) -> 4 | O10: Mitigar/Reducir | P10: Monitorear periódicamente las regulaciones legales existentes para realizar los ajustes correspondientes en el modelo IA. | Q10: 1 (Muy bajo) | R10: X | S10: 3 (Medio) | T10: = | U10: =IF(Table1345[[#This Row],[Nivel 2: Riesgos de IA]]="",0,_xlfn.NUMBERVALUE(LEFT(Table1345[[#This Row],[Probabilidad Residual]],1))*_xlfn.NUMBERVALUE(LEFT(Table1345[[#This Row],[Impacto Residual]],1))) -> 3 | V10: =Table1345[[#This Row],[Riesgo Inherente (Probabilidad x Impacto)]]-Table1345[[#This Row],[Riesgo Residual ]] -> 1
B11: x | F11: La responsabilidad del caso de uso de IA está mal definida o asignada incorrectamente. | J11: 2 (Bajo) | K11: X | L11: 4 (Alto) | M11: = | N11: =IF(Table1345[[#This Row],[Nivel 2: Riesgos de IA]]="",0,_xlfn.NUMBERVALUE(LEFT(Table1345[[#This Row],[Probabilidad Inherente ]],1))*_xlfn.NUMBERVALUE(LEFT(Table1345[[#This Row],[Impacto Inherente]],1))) -> 8 | O11: Mitigar/Reducir | P11: Realizar revisiones constantes del avance del desarrollo de la iniciativa, para validar que se estén cumpliendo los requerimientos previamente definidos, con la finalidad de si ocurre alguna desviación poderlo ajustar de manera oportuna. | Q11: 2 (Bajo) | R11: X | S11: 2 (Bajo) | T11: = | U11: =IF(Table1345[[#This Row],[Nivel 2: Riesgos de IA]]="",0,_xlfn.NUMBERVALUE(LEFT(Table1345[[#This Row],[Probabilidad Residual]],1))*_xlfn.NUMBERVALUE(LEFT(Table1345[[#This Row],[Impacto Residual]],1))) -> 4 | V11: =Table1345[[#This Row],[Riesgo Inherente (Probabilidad x Impacto)]]-Table1345[[#This Row],[Riesgo Residual ]] -> 4
B12: x | E12: x | F12: Los usuarios malinterpretan o hacen un uso indebido de los resultados de los modelos de IA de forma perjudicial. | J12: 2 (Bajo) | K12: X | L12: 4 (Alto) | M12: = | N12: =IF(Table1345[[#This Row],[Nivel 2: Riesgos de IA]]="",0,_xlfn.NUMBERVALUE(LEFT(Table1345[[#This Row],[Probabilidad Inherente ]],1))*_xlfn.NUMBERVALUE(LEFT(Table1345[[#This Row],[Impacto Inherente]],1))) -> 8 | O12: Mitigar/Reducir | P12: El usuario debe tener un nivel de experticia medio-alto, es decir, que este capacitado para la interpretación correcta de los resultados que arroje el modelo. | Q12: 2 (Bajo) | R12: X | S12: 3 (Medio) | T12: = | U12: =IF(Table1345[[#This Row],[Nivel 2: Riesgos de IA]]="",0,_xlfn.NUMBERVALUE(LEFT(Table1345[[#This Row],[Probabilidad Residual]],1))*_xlfn.NUMBERVALUE(LEFT(Table1345[[#This Row],[Impacto Residual]],1))) -> 6 | V12: =Table1345[[#This Row],[Riesgo Inherente (Probabilidad x Impacto)]]-Table1345[[#This Row],[Riesgo Residual ]] -> 2
D13: x | F13: La información sensible (p. ej., datos confidenciales o personales) utilizada para entrenar el modelo podría quedar expuesta en los resultados del modelo. | J13: 3 (Medio) | K13: X | L13: 4 (Alto) | M13: = | N13: =IF(Table1345[[#This Row],[Nivel 2: Riesgos de IA]]="",0,_xlfn.NUMBERVALUE(LEFT(Table1345[[#This Row],[Probabilidad Inherente ]],1))*_xlfn.NUMBERVALUE(LEFT(Table1345[[#This Row],[Impacto Inherente]],1))) -> 12 | O13: Mitigar/Reducir | P13: Las iniciativas deben estar alojadas en un ambiente controlado, con acceso a diferentes perfiles de usuarios del área de negocio correspondiente. Concientización de los usuarios sobre los riesgos de exponer información confidencial. | Q13: 2 (Bajo) | R13: X | S13: 3 (Medio) | T13: = | U13: =IF(Table1345[[#This Row],[Nivel 2: Riesgos de IA]]="",0,_xlfn.NUMBERVALUE(LEFT(Table1345[[#This Row],[Probabilidad Residual]],1))*_xlfn.NUMBERVALUE(LEFT(Table1345[[#This Row],[Impacto Residual]],1))) -> 6 | V13: =Table1345[[#This Row],[Riesgo Inherente (Probabilidad x Impacto)]]-Table1345[[#This Row],[Riesgo Residual ]] -> 6
C14: x | D14: x | F14: Los resultados infringen los derechos de propiedad intelectual existentes. | J14: 2 (Bajo) | K14: X | L14: 3 (Medio) | M14: = | N14: =IF(Table1345[[#This Row],[Nivel 2: Riesgos de IA]]="",0,_xlfn.NUMBERVALUE(LEFT(Table1345[[#This Row],[Probabilidad Inherente ]],1))*_xlfn.NUMBERVALUE(LEFT(Table1345[[#This Row],[Impacto Inherente]],1))) -> 6 | O14: Mitigar/Reducir | P14: Especificar las fuentes de datos y autores de la información analizada. | Q14: 2 (Bajo) | R14: X | S14: 2 (Bajo) | T14: = | U14: =IF(Table1345[[#This Row],[Nivel 2: Riesgos de IA]]="",0,_xlfn.NUMBERVALUE(LEFT(Table1345[[#This Row],[Probabilidad Residual]],1))*_xlfn.NUMBERVALUE(LEFT(Table1345[[#This Row],[Impacto Residual]],1))) -> 4 | V14: =Table1345[[#This Row],[Riesgo Inherente (Probabilidad x Impacto)]]-Table1345[[#This Row],[Riesgo Residual ]] -> 2
C15: x | F15: El algoritmo contiene "alucinaciones" o inexactitudes que no existen en los datos de entrenamiento. | J15: 3 (Medio) | K15: X | L15: 4 (Alto) | M15: = | N15: =IF(Table1345[[#This Row],[Nivel 2: Riesgos de IA]]="",0,_xlfn.NUMBERVALUE(LEFT(Table1345[[#This Row],[Probabilidad Inherente ]],1))*_xlfn.NUMBERVALUE(LEFT(Table1345[[#This Row],[Impacto Inherente]],1))) -> 12 | O15: Mitigar/Reducir | P15: Validar que el modelo IA a utilizar en la iniciativa sea comprobado y probado, con la aplicación de ajustes de calibración del modelo y de los prompts. | Q15: 3 (Medio) | R15: X | S15: 3 (Medio) | T15: = | U15: =IF(Table1345[[#This Row],[Nivel 2: Riesgos de IA]]="",0,_xlfn.NUMBERVALUE(LEFT(Table1345[[#This Row],[Probabilidad Residual]],1))*_xlfn.NUMBERVALUE(LEFT(Table1345[[#This Row],[Impacto Residual]],1))) -> 9 | V15: =Table1345[[#This Row],[Riesgo Inherente (Probabilidad x Impacto)]]-Table1345[[#This Row],[Riesgo Residual ]] -> 3
B16: x | F16: El caso de uso es difícil de escalar sin problemas de rendimiento. | J16: 2 (Bajo) | K16: X | L16: 4 (Alto) | M16: = | N16: =IF(Table1345[[#This Row],[Nivel 2: Riesgos de IA]]="",0,_xlfn.NUMBERVALUE(LEFT(Table1345[[#This Row],[Probabilidad Inherente ]],1))*_xlfn.NUMBERVALUE(LEFT(Table1345[[#This Row],[Impacto Inherente]],1))) -> 8 | O16: Mitigar/Reducir | P16: Diseñar una arquitectura escalable y optimizada mediante pruebas de carga tempranas, uso de modelos eficientes y escalamiento horizontal de la infraestructura. | Q16: 2 (Bajo) | R16: X | S16: 3 (Medio) | T16: = | U16: =IF(Table1345[[#This Row],[Nivel 2: Riesgos de IA]]="",0,_xlfn.NUMBERVALUE(LEFT(Table1345[[#This Row],[Probabilidad Residual]],1))*_xlfn.NUMBERVALUE(LEFT(Table1345[[#This Row],[Impacto Residual]],1))) -> 6 | V16: =Table1345[[#This Row],[Riesgo Inherente (Probabilidad x Impacto)]]-Table1345[[#This Row],[Riesgo Residual ]] -> 2
B17: x | F17: El proveedor se atribuye la propiedad de las entradas y salidas generales del algoritmo. | J17: 2 (Bajo) | K17: X | L17: 4 (Alto) | M17: = | N17: =IF(Table1345[[#This Row],[Nivel 2: Riesgos de IA]]="",0,_xlfn.NUMBERVALUE(LEFT(Table1345[[#This Row],[Probabilidad Inherente ]],1))*_xlfn.NUMBERVALUE(LEFT(Table1345[[#This Row],[Impacto Inherente]],1))) -> 8 | O17: Mitigar/Reducir | P17: Los proveedores de servicio deben firmar un contrato y acuerdo de confidencialidad. | Q17: 2 (Bajo) | R17: X | S17: 2 (Bajo) | T17: = | U17: =IF(Table1345[[#This Row],[Nivel 2: Riesgos de IA]]="",0,_xlfn.NUMBERVALUE(LEFT(Table1345[[#This Row],[Probabilidad Residual]],1))*_xlfn.NUMBERVALUE(LEFT(Table1345[[#This Row],[Impacto Residual]],1))) -> 4 | V17: =Table1345[[#This Row],[Riesgo Inherente (Probabilidad x Impacto)]]-Table1345[[#This Row],[Riesgo Residual ]] -> 4
B18: x | D18: x | F18: Se utiliza el algoritmo o conjunto de datos incorrectos para el problema de negocio en cuestión. | J18: 2 (Bajo) | K18: X | L18: 4 (Alto) | M18: = | N18: =IF(Table1345[[#This Row],[Nivel 2: Riesgos de IA]]="",0,_xlfn.NUMBERVALUE(LEFT(Table1345[[#This Row],[Probabilidad Inherente ]],1))*_xlfn.NUMBERVALUE(LEFT(Table1345[[#This Row],[Impacto Inherente]],1))) -> 8 | O18: Mitigar/Reducir | P18: Verificar que el algoritmo IA sea probado y comprobado en el mercado, así como, validar que los documentos y datos de entrada con el responsable funcional sean los correctos. | Q18: 2 (Bajo) | R18: X | S18: 2 (Bajo) | T18: = | U18: =IF(Table1345[[#This Row],[Nivel 2: Riesgos de IA]]="",0,_xlfn.NUMBERVALUE(LEFT(Table1345[[#This Row],[Probabilidad Residual]],1))*_xlfn.NUMBERVALUE(LEFT(Table1345[[#This Row],[Impacto Residual]],1))) -> 4 | V18: =Table1345[[#This Row],[Riesgo Inherente (Probabilidad x Impacto)]]-Table1345[[#This Row],[Riesgo Residual ]] -> 4
B19: x | E19: x | F19: Los actores de amenazas comprometen la integridad de los algoritmos. | J19: 2 (Bajo) | K19: X | L19: 4 (Alto) | M19: = | N19: =IF(Table1345[[#This Row],[Nivel 2: Riesgos de IA]]="",0,_xlfn.NUMBERVALUE(LEFT(Table1345[[#This Row],[Probabilidad Inherente ]],1))*_xlfn.NUMBERVALUE(LEFT(Table1345[[#This Row],[Impacto Inherente]],1))) -> 8 | O19: Mitigar/Reducir | P19: Aplicando controles de seguridad física y lógica, así como un monitoreo continuo de la plataforma Azure. | Q19: 2 (Bajo) | R19: X | S19: 3 (Medio) | T19: = | U19: =IF(Table1345[[#This Row],[Nivel 2: Riesgos de IA]]="",0,_xlfn.NUMBERVALUE(LEFT(Table1345[[#This Row],[Probabilidad Residual]],1))*_xlfn.NUMBERVALUE(LEFT(Table1345[[#This Row],[Impacto Residual]],1))) -> 6 | V19: =Table1345[[#This Row],[Riesgo Inherente (Probabilidad x Impacto)]]-Table1345[[#This Row],[Riesgo Residual ]] -> 2
B20: x | E20: x | F20: El consumo imprevisto de recursos genera sobrecostos significativos. | J20: 3 (Medio) | K20: X | L20: 5 (Muy Alto) | M20: = | N20: =IF(Table1345[[#This Row],[Nivel 2: Riesgos de IA]]="",0,_xlfn.NUMBERVALUE(LEFT(Table1345[[#This Row],[Probabilidad Inherente ]],1))*_xlfn.NUMBERVALUE(LEFT(Table1345[[#This Row],[Impacto Inherente]],1))) -> 15 | O20: Mitigar/Reducir | P20: En la fase de planificación y ejecución realizar un análisis profundo de los recursos de infraestructura que sean necesarios para el desarrollo de la iniciativa, evitando sobrecostos en el presupuesto.Incluir desde el inicio al equipo de Infraestructura y Operaciones, Seguridad de Información, Auditoría y Riesgos. | Q20: 3 (Medio) | R20: X | S20: 4 (Alto) | T20: = | U20: =IF(Table1345[[#This Row],[Nivel 2: Riesgos de IA]]="",0,_xlfn.NUMBERVALUE(LEFT(Table1345[[#This Row],[Probabilidad Residual]],1))*_xlfn.NUMBERVALUE(LEFT(Table1345[[#This Row],[Impacto Residual]],1))) -> 12 | V20: =Table1345[[#This Row],[Riesgo Inherente (Probabilidad x Impacto)]]-Table1345[[#This Row],[Riesgo Residual ]] -> 3
E21: x | F21: Los riesgos urgentes y emergentes no se abordan a tiempo para evitar un impacto inaceptable en el negocio. | J21: 3 (Medio) | K21: X | L21: 4 (Alto) | M21: = | N21: =IF(Table1345[[#This Row],[Nivel 2: Riesgos de IA]]="",0,_xlfn.NUMBERVALUE(LEFT(Table1345[[#This Row],[Probabilidad Inherente ]],1))*_xlfn.NUMBERVALUE(LEFT(Table1345[[#This Row],[Impacto Inherente]],1))) -> 12 | O21: Mitigar/Reducir | P21: Implementar monitoreo continuo y un proceso formal de gestión y escalamiento de riesgos para identificar y abordar oportunamente riesgos emergentes antes de que generen impactos significativos en el negocio. | Q21: 3 (Medio) | R21: X | S21: 3 (Medio) | T21: = | U21: =IF(Table1345[[#This Row],[Nivel 2: Riesgos de IA]]="",0,_xlfn.NUMBERVALUE(LEFT(Table1345[[#This Row],[Probabilidad Residual]],1))*_xlfn.NUMBERVALUE(LEFT(Table1345[[#This Row],[Impacto Residual]],1))) -> 9 | V21: =Table1345[[#This Row],[Riesgo Inherente (Probabilidad x Impacto)]]-Table1345[[#This Row],[Riesgo Residual ]] -> 3
B22: x | F22: Los usuarios desconocen que están interactuando con los resultados de un sistema de IA. | J22: 2 (Bajo) | K22: X | L22: 4 (Alto) | M22: = | N22: =IF(Table1345[[#This Row],[Nivel 2: Riesgos de IA]]="",0,_xlfn.NUMBERVALUE(LEFT(Table1345[[#This Row],[Probabilidad Inherente ]],1))*_xlfn.NUMBERVALUE(LEFT(Table1345[[#This Row],[Impacto Inherente]],1))) -> 8 | O22: Mitigar/Reducir | P22: En la fase de inicio se debe informar al responsable funcional que su iniciativa será abordada con una tecnología IA. | Q22: 1 (Muy bajo) | R22: X | S22: 3 (Medio) | T22: = | U22: =IF(Table1345[[#This Row],[Nivel 2: Riesgos de IA]]="",0,_xlfn.NUMBERVALUE(LEFT(Table1345[[#This Row],[Probabilidad Residual]],1))*_xlfn.NUMBERVALUE(LEFT(Table1345[[#This Row],[Impacto Residual]],1))) -> 3 | V22: =Table1345[[#This Row],[Riesgo Inherente (Probabilidad x Impacto)]]-Table1345[[#This Row],[Riesgo Residual ]] -> 5
C23: x | F23: No podemos validar qué algoritmos o datos de entrenamiento utilizó el proveedor. | J23: 1 (Muy bajo) | K23: X | L23: 3 (Medio) | M23: = | N23: =IF(Table1345[[#This Row],[Nivel 2: Riesgos de IA]]="",0,_xlfn.NUMBERVALUE(LEFT(Table1345[[#This Row],[Probabilidad Inherente ]],1))*_xlfn.NUMBERVALUE(LEFT(Table1345[[#This Row],[Impacto Inherente]],1))) -> 3 | O23: Mitigar/Reducir | P23: En la fase de planificación y ejecución se debe exigir al proveedor de servicio el modelo IA a utilizar, esto debe estar incluido en la arquitectura y model cards. | Q23: 1 (Muy bajo) | R23: X | S23: 2 (Bajo) | T23: = | U23: =IF(Table1345[[#This Row],[Nivel 2: Riesgos de IA]]="",0,_xlfn.NUMBERVALUE(LEFT(Table1345[[#This Row],[Probabilidad Residual]],1))*_xlfn.NUMBERVALUE(LEFT(Table1345[[#This Row],[Impacto Residual]],1))) -> 2 | V23: =Table1345[[#This Row],[Riesgo Inherente (Probabilidad x Impacto)]]-Table1345[[#This Row],[Riesgo Residual ]] -> 1
B24: x | F24: La novedosa capacidad de la IA para agregar y analizar datos rápidamente genera problemas imprevistos de privacidad o seguridad. | J24: 3 (Medio) | K24: X | L24: 4 (Alto) | M24: = | N24: =IF(Table1345[[#This Row],[Nivel 2: Riesgos de IA]]="",0,_xlfn.NUMBERVALUE(LEFT(Table1345[[#This Row],[Probabilidad Inherente ]],1))*_xlfn.NUMBERVALUE(LEFT(Table1345[[#This Row],[Impacto Inherente]],1))) -> 12 | O24: Mitigar/Reducir | P24: Implementar controles de privacidad y seguridad por diseño, incluyendo minimización y anonimización de datos, controles de acceso y monitoreo continuo para prevenir riesgos de privacidad o seguridad derivados del análisis masivo de datos por IA. | Q24: 2 (Bajo) | R24: X | S24: 3 (Medio) | T24: = | U24: =IF(Table1345[[#This Row],[Nivel 2: Riesgos de IA]]="",0,_xlfn.NUMBERVALUE(LEFT(Table1345[[#This Row],[Probabilidad Residual]],1))*_xlfn.NUMBERVALUE(LEFT(Table1345[[#This Row],[Impacto Residual]],1))) -> 6 | V24: =Table1345[[#This Row],[Riesgo Inherente (Probabilidad x Impacto)]]-Table1345[[#This Row],[Riesgo Residual ]] -> 6
C25: x | F25: Es difícil atribuir las decisiones tomadas por el modelo a una justificación. | J25: 3 (Medio) | K25: X | L25: 4 (Alto) | M25: = | N25: =IF(Table1345[[#This Row],[Nivel 2: Riesgos de IA]]="",0,_xlfn.NUMBERVALUE(LEFT(Table1345[[#This Row],[Probabilidad Inherente ]],1))*_xlfn.NUMBERVALUE(LEFT(Table1345[[#This Row],[Impacto Inherente]],1))) -> 12 | O25: Mitigar/Reducir | P25: Implementar mecanismos de explicabilidad, documentación del modelo y trazabilidad de decisiones para asegurar que los resultados del sistema de IA puedan ser justificados y auditados. | Q25: 2 (Bajo) | R25: X | S25: 3 (Medio) | T25: = | U25: =IF(Table1345[[#This Row],[Nivel 2: Riesgos de IA]]="",0,_xlfn.NUMBERVALUE(LEFT(Table1345[[#This Row],[Probabilidad Residual]],1))*_xlfn.NUMBERVALUE(LEFT(Table1345[[#This Row],[Impacto Residual]],1))) -> 6 | V25: =Table1345[[#This Row],[Riesgo Inherente (Probabilidad x Impacto)]]-Table1345[[#This Row],[Riesgo Residual ]] -> 6
E26: x | F26: El entrenamiento o ajuste de los modelos puede afectar el rendimiento de formas complejas e imprevistas. | J26: 3 (Medio) | K26: X | L26: 4 (Alto) | M26: = | N26: =IF(Table1345[[#This Row],[Nivel 2: Riesgos de IA]]="",0,_xlfn.NUMBERVALUE(LEFT(Table1345[[#This Row],[Probabilidad Inherente ]],1))*_xlfn.NUMBERVALUE(LEFT(Table1345[[#This Row],[Impacto Inherente]],1))) -> 12 | O26: Mitigar/Reducir | P26: Establecer controles de validación, versionado y monitoreo continuo del modelo durante el entrenamiento y ajuste para identificar y gestionar impactos inesperados en el rendimiento antes de su despliegue en producción. | Q26: 2 (Bajo) | R26: X | S26: 3 (Medio) | T26: = | U26: =IF(Table1345[[#This Row],[Nivel 2: Riesgos de IA]]="",0,_xlfn.NUMBERVALUE(LEFT(Table1345[[#This Row],[Probabilidad Residual]],1))*_xlfn.NUMBERVALUE(LEFT(Table1345[[#This Row],[Impacto Residual]],1))) -> 6 | V26: =Table1345[[#This Row],[Riesgo Inherente (Probabilidad x Impacto)]]-Table1345[[#This Row],[Riesgo Residual ]] -> 6
B27: x | F27: Las pruebas no capturan adecuadamente los problemas de rendimiento o funcionalidad. | J27: 3 (Medio) | K27: X | L27: 4 (Alto) | M27: = | N27: =IF(Table1345[[#This Row],[Nivel 2: Riesgos de IA]]="",0,_xlfn.NUMBERVALUE(LEFT(Table1345[[#This Row],[Probabilidad Inherente ]],1))*_xlfn.NUMBERVALUE(LEFT(Table1345[[#This Row],[Impacto Inherente]],1))) -> 12 | O27: Mitigar/Reducir | P27: Incluir dentro de los escenarios y casos de pruebas sobre rendimiento y funcionalidad que permitan realizar la verificación de estos aspectos. Validar dentro de las pruebas que los ambientes estén configurados de manera correcta. | Q27: 2 (Bajo) | R27: X | S27: 3 (Medio) | T27: = | U27: =IF(Table1345[[#This Row],[Nivel 2: Riesgos de IA]]="",0,_xlfn.NUMBERVALUE(LEFT(Table1345[[#This Row],[Probabilidad Residual]],1))*_xlfn.NUMBERVALUE(LEFT(Table1345[[#This Row],[Impacto Residual]],1))) -> 6 | V27: =Table1345[[#This Row],[Riesgo Inherente (Probabilidad x Impacto)]]-Table1345[[#This Row],[Riesgo Residual ]] -> 6
B28: x | F28: La solución pronto quedará obsoleta debido a los rápidos avances tecnológicos. | J28: 3 (Medio) | K28: X | L28: 4 (Alto) | M28: = | N28: =IF(Table1345[[#This Row],[Nivel 2: Riesgos de IA]]="",0,_xlfn.NUMBERVALUE(LEFT(Table1345[[#This Row],[Probabilidad Inherente ]],1))*_xlfn.NUMBERVALUE(LEFT(Table1345[[#This Row],[Impacto Inherente]],1))) -> 12 | O28: Mitigar/Reducir | P28: Diseñar la solución de IA con una arquitectura modular y un proceso de revisión tecnológica periódica que permita actualizar modelos y componentes conforme evolucionen las tecnologías. | Q28: 2 (Bajo) | R28: X | S28: 3 (Medio) | T28: = | U28: =IF(Table1345[[#This Row],[Nivel 2: Riesgos de IA]]="",0,_xlfn.NUMBERVALUE(LEFT(Table1345[[#This Row],[Probabilidad Residual]],1))*_xlfn.NUMBERVALUE(LEFT(Table1345[[#This Row],[Impacto Residual]],1))) -> 6 | V28: =Table1345[[#This Row],[Riesgo Inherente (Probabilidad x Impacto)]]-Table1345[[#This Row],[Riesgo Residual ]] -> 6

Sheet Pre-Assesment Privacidad
A1: Validación Datos Personales
A2: Categoría de Datos | B2: Atributos/Datos | C2: ¿Contiene DPI? (Sí/No) | D2: Resultado
A3: Datos personales identificables (DPI) | B3: Nombres completos, cargos, firmas del equipo de crédito | C3: Sí | D3: Requiere evaluación de privacidad de datos.
A5: Validación Inicial Sensibilidad de la Información
A6: Categoría de Datos | B6: Atributos/Datos | C6: Nivel de Sensibilidad (Alto, Medio, Bajo) | D6: Resultado
A7: Datos financieros confidenciales | B7: Montos de préstamo, monto de desembolsos, costo del proyecto, aporte local, otros aportes, préstamo, financiamiento CAF, refinanciamiento, cofinanciamiento, etc. | C7: Alto | D7: Requiere clasificación de información, posible información de uso interno restringido.
A8: Datos técnicos | B8: Criterios de elegibilidad, actividades, indicadores y subindicadores, sostenibilidad, condiciones, dispensas, acuerdos, compromisos, recursos, registro fotográfico, enmiendas,estaciones transformadoras, capacidad de transformación, descripción de obras, planes de gestión ambiental, ejecución técnica, especificaciones técnicas de infraestructura, parámetros operativos, información de ingeniería, infraestructura. | C8: Alto
A9: Datos de terceros | B9: Nombre de empresas, entes gubernamentales y aliados, cargos, responsables (clientes, organismo ejecutor, costructor, garante, aliado). | C9: Alto
A11: Valor de Impacto:
A12: Alto: Riesgo significativo por la sensibilidad de los datos. Pudiera tratarse de información de uso interno restringido o confidencial.
A13: Medio: Riesgo moderado; requiere mitigaciones y seguimiento. Pudiera tratarse de información de uso interno o restringida.
A14: Bajo: Riesgo mínimo; cumplimiento estándar suficiente. Pudiera tratarse de información de uso interno o pública.
A15: Matriz de Riesgos
A16: ID Riesgo | B16: Descripción del Riesgo | C16: Impacto (Alto, Medio, Bajo) | D16: Valor de Impacto:
A17: R1 | B17: Acceso no autorizado a DPI o datos financieros | C17: Alto
A18: R2 | B18: Procesamiento sin base legal adecuada | C18: Alto | D18: Alto: Riesgo significativo por la sensibilidad de los datos.
A19: R3 | B19: Falta de anonimización en reportes | C19: Medio | D19: Medio: Riesgo moderado; requiere mitigaciones y seguimiento.
A20: R4 | B20: Filtración en generación/almacenamiento de reportes | C20: Alto | D20: Bajo: Riesgo mínimo; cumplimiento estándar suficiente.
A21: R5 | B21: Transferencia a terceros sin salvaguardas contractuales | C21: Alto
A22: R6 | B22: Perfilamiento automatizado no justificado | C22: Bajo

Sheet HIDE - Calculations
B5: These columns convert the scores into number values, and mark any blanks as "-1" to differentiate from scores of 0
B7: Numval - Inherent Probability | C7: Numval - Inherent Impact | D7: Numval - Residual Probability | E7: Numval - Residual Impact
B8: =IF(#REF!="",-1,_xlfn.NUMBERVALUE(LEFT(#REF!,1))) -> #REF! | C8: =IF(#REF!="",-1,_xlfn.NUMBERVALUE(LEFT(#REF!,1))) -> #REF! | D8: =IF(#REF!="",-1,_xlfn.NUMBERVALUE(LEFT(#REF!,1))) -> #REF! | E8: =IF(#REF!="",-1,_xlfn.NUMBERVALUE(LEFT(#REF!,1))) -> #REF!
B9: =IF(#REF!="",-1,_xlfn.NUMBERVALUE(LEFT(#REF!,1))) -> #REF! | C9: =IF(#REF!="",-1,_xlfn.NUMBERVALUE(LEFT(#REF!,1))) -> #REF! | D9: =IF(#REF!="",-1,_xlfn.NUMBERVALUE(LEFT(#REF!,1))) -> #REF! | E9: =IF(#REF!="",-1,_xlfn.NUMBERVALUE(LEFT(#REF!,1))) -> #REF!
B10: =IF(#REF!="",-1,_xlfn.NUMBERVALUE(LEFT(#REF!,1))) -> #REF! | C10: =IF(#REF!="",-1,_xlfn.NUMBERVALUE(LEFT(#REF!,1))) -> #REF! | D10: =IF(#REF!="",-1,_xlfn.NUMBERVALUE(LEFT(#REF!,1))) -> #REF! | E10: =IF(#REF!="",-1,_xlfn.NUMBERVALUE(LEFT(#REF!,1))) -> #REF!
B11: =IF(#REF!="",-1,_xlfn.NUMBERVALUE(LEFT(#REF!,1))) -> #REF! | C11: =IF(#REF!="",-1,_xlfn.NUMBERVALUE(LEFT(#REF!,1))) -> #REF! | D11: =IF(#REF!="",-1,_xlfn.NUMBERVALUE(LEFT(#REF!,1))) -> #REF! | E11: =IF(#REF!="",-1,_xlfn.NUMBERVALUE(LEFT(#REF!,1))) -> #REF!
B12: =IF(#REF!="",-1,_xlfn.NUMBERVALUE(LEFT(#REF!,1))) -> #REF! | C12: =IF(#REF!="",-1,_xlfn.NUMBERVALUE(LEFT(#REF!,1))) -> #REF! | D12: =IF(#REF!="",-1,_xlfn.NUMBERVALUE(LEFT(#REF!,1))) -> #REF! | E12: =IF(#REF!="",-1,_xlfn.NUMBERVALUE(LEFT(#REF!,1))) -> #REF!
B13: =IF(#REF!="",-1,_xlfn.NUMBERVALUE(LEFT(#REF!,1))) -> #REF! | C13: =IF(#REF!="",-1,_xlfn.NUMBERVALUE(LEFT(#REF!,1))) -> #REF! | D13: =IF(#REF!="",-1,_xlfn.NUMBERVALUE(LEFT(#REF!,1))) -> #REF! | E13: =IF(#REF!="",-1,_xlfn.NUMBERVALUE(LEFT(#REF!,1))) -> #REF!
B14: =IF(#REF!="",-1,_xlfn.NUMBERVALUE(LEFT(#REF!,1))) -> #REF! | C14: =IF(#REF!="",-1,_xlfn.NUMBERVALUE(LEFT(#REF!,1))) -> #REF! | D14: =IF(#REF!="",-1,_xlfn.NUMBERVALUE(LEFT(#REF!,1))) -> #REF! | E14: =IF(#REF!="",-1,_xlfn.NUMBERVALUE(LEFT(#REF!,1))) -> #REF!
B15: =IF(#REF!="",-1,_xlfn.NUMBERVALUE(LEFT(#REF!,1))) -> #REF! | C15: =IF(#REF!="",-1,_xlfn.NUMBERVALUE(LEFT(#REF!,1))) -> #REF! | D15: =IF(#REF!="",-1,_xlfn.NUMBERVALUE(LEFT(#REF!,1))) -> #REF! | E15: =IF(#REF!="",-1,_xlfn.NUMBERVALUE(LEFT(#REF!,1))) -> #REF!
B16: =IF(#REF!="",-1,_xlfn.NUMBERVALUE(LEFT(#REF!,1))) -> #REF! | C16: =IF(#REF!="",-1,_xlfn.NUMBERVALUE(LEFT(#REF!,1))) -> #REF! | D16: =IF(#REF!="",-1,_xlfn.NUMBERVALUE(LEFT(#REF!,1))) -> #REF! | E16: =IF(#REF!="",-1,_xlfn.NUMBERVALUE(LEFT(#REF!,1))) -> #REF!
B17: =IF(#REF!="",-1,_xlfn.NUMBERVALUE(LEFT(#REF!,1))) -> #REF! | C17: =IF(#REF!="",-1,_xlfn.NUMBERVALUE(LEFT(#REF!,1))) -> #REF! | D17: =IF(#REF!="",-1,_xlfn.NUMBERVALUE(LEFT(#REF!,1))) -> #REF! | E17: =IF(#REF!="",-1,_xlfn.NUMBERVALUE(LEFT(#REF!,1))) -> #REF!
B18: =IF(#REF!="",-1,_xlfn.NUMBERVALUE(LEFT(#REF!,1))) -> #REF! | C18: =IF(#REF!="",-1,_xlfn.NUMBERVALUE(LEFT(#REF!,1))) -> #REF! | D18: =IF(#REF!="",-1,_xlfn.NUMBERVALUE(LEFT(#REF!,1))) -> #REF! | E18: =IF(#REF!="",-1,_xlfn.NUMBERVALUE(LEFT(#REF!,1))) -> #REF!
B19: =IF(#REF!="",-1,_xlfn.NUMBERVALUE(LEFT(#REF!,1))) -> #REF! | C19: =IF(#REF!="",-1,_xlfn.NUMBERVALUE(LEFT(#REF!,1))) -> #REF! | D19: =IF(#REF!="",-1,_xlfn.NUMBERVALUE(LEFT(#REF!,1))) -> #REF! | E19: =IF(#REF!="",-1,_xlfn.NUMBERVALUE(LEFT(#REF!,1))) -> #REF!
... B45: =IF(#REF!="",-1,_xlfn.NUMBERVALUE(LEFT(#REF!,1))) -> #REF! | C45: =IF(#REF!="",-1,_xlfn.NUMBERVALUE(LEFT(#REF!,1))) -> #REF! | D45: =IF(#REF!="",-1,_xlfn.NUMBERVALUE(LEFT(#REF!,1))) -> #REF! | E45: =IF(#REF!="",-1,_xlfn.NUMBERVALUE(LEFT(#REF!,1))) -> #REF!
B47: AVERAGE INHERENT PROBABILITY | C47: AVERAGE INHERENT IMPACT | D47: AVERAGE RESIDUAL PROBABILITY | E47: AVERAGE RESIDUAL IMPACT
B48: =AVERAGEIF(B8:B45,">-1") -> #DIV/0! | C48: =AVERAGEIF(C8:C45,">-1") -> #DIV/0! | D48: =AVERAGEIF(D8:D45,">-1") -> #DIV/0! | E48: =AVERAGEIF(E8:E45,">-1") -> #DIV/0!

Sheet  Escala de Evaluación de Riesgo
B2: Escala de Puntuación de Riesgo
B4: Utilice las escalas de puntuación a continuación. | F4: Las puntuaciones de riesgo son el producto de las puntuaciones de impacto y probabilidad para un riesgo determinado.
B6: Probabilidad | F6: Escala de Colores | G6: Se aplica a puntuaciones de riesgo iguales o mayores a:
B7: ='HIDE - Data Validation'!B4 -> 0 (Imposible) | C7: Sin riesgo de incidentes. | F7: Muy Alto - Rojo | G7: 15
B8: ='HIDE - Data Validation'!B5 -> 1 (Muy bajo) | C8: Casi nula probabilidad de ocurrencia - el evento podría ocurrir muy esporádicamente o en circunstancias excepcionales. | F8: Alto - Naranja | G8: 9
B9: ='HIDE - Data Validation'!B6 -> 2 (Bajo) | C9: Limitada probabilidad de ocurrencia - el evento podría ocurrir en circunstancias poco recurrentes. | F9: Medio - Amarillo | G9: 4
B10: ='HIDE - Data Validation'!B7 -> 3 (Medio) | C10: Mediana probabilidad de ocurrencia - el evento podría ocurrir algunas veces o en algún momento. | F10: Bajo - Gris | G10: 1
B11: ='HIDE - Data Validation'!B8 -> 4 (Alto) | C11: Significativa probabilidad de ocurrencia – el evento podría ocurrir regularmente. | F11: Muy Bajo - Sin color | G11: 0
B12: ='HIDE - Data Validation'!B9 -> 5 (Muy Alto) | C12: Recurrente probabilidad de ocurrencia - el evento podría ocurrir en casi cualquier circunstancia
B14: Impacto
B15: ='HIDE - Data Validation'!D4 -> 0 (N/A) | C15: Sin impacto.
B16: ='HIDE - Data Validation'!D5 -> 1 (Muy bajo) | C16: Pérdidas mínimas, no significativas para el funcionamiento de la institución.
B17: ='HIDE - Data Validation'!D6 -> 2 (Bajo) | C17: Pérdidas menores, no críticas para el funcionamiento de la institución.
B18: ='HIDE - Data Validation'!D7 -> 3 (Medio) | C18: Pérdidas medianas, poco críticas para la Institución, pero de las cuales se puede reponer rápidamente.
B19: ='HIDE - Data Validation'!D8 -> 4 (Alto) | C19: Pérdidas medianas, críticas para la Institución, pero de las cuales se repondrá a mediano plazo.
B20: ='HIDE - Data Validation'!D9 -> 5 (Muy Alto) | C20: Pérdidas muy altas, muy críticas para la corporación, requiere de planes complejos para la recuperación de la institución.

Sheet HIDE - Data Validation
B1: The following tables define the data validation lists used throughout this tool.
B3: Probability_Scale | D3: Impact_Scale | F3: Risk_Response
B4: 0 (Imposible) | D4: 0 (N/A) | F4: Aceptable
B5: 1 (Muy bajo) | D5: 1 (Muy bajo) | F5: Mitigar/Reducir
B6: 2 (Bajo) | D6: 2 (Bajo) | F6: Transferir
B7: 3 (Medio) | D7: 3 (Medio) | F7: Terminado/Eliminado
B8: 4 (Alto) | D8: 4 (Alto)
B9: 5 (Muy Alto) | D9: 5 (Muy Alto)

Sheet 2x2 Grid Output
C2: Horizontal Axis (X-Axis) | D2: Vertical Axis (Y-Axis) | AI2: Ranked Order
B3: Highest Value | C3: 8 | D3: 6 | AI3: Appearing 1st | AJ3: TOP RIGHT
B4: Lowest Value | C4: 0 | D4: 0 | AI4: Appearing 2nd | AJ4: BOTTOM RIGHT
B5: Mid-Point Value | C5: =AVERAGE(C3:C4) -> 4 | D5: =AVERAGE(D3:D4) -> 3 | AI5: Appearing 3rd | AJ5: TOP LEFT
AI6: Appearing 4th | AJ6: BOTTOM LEFT
H16: TOP RIGHT (Data Series 1) | K16: BOTTOM RIGHT (Data Series 2) | N16: TOP LEFT (Data Series 3) | Q16: BOTTOM LEFT (Data Series 4) | T16: Create Sorted List
B17: Label | C17: X Value | D17: Y Value | F17: Quadrant? | H17: X Value | I17: Y Value | K17: X Value | L17: Y Value | N17: X Value | O17: Y Value | Q17: X Value | R17: Y Value | T17: Arbitrary Factor | U17: Rank | AI17: Rank | AJ17: Label | AL17: Quadrant
B18: #1 | C18: 4 | D18: 0 | F18: =IF(OR(C18="",D18=""),NA(),IF(AND(C18>=$C$5,D18>=$D$5),"TOP RIGHT",IF(AND(C18>$C$5,D18<$D$5),"BOTTOM RIGHT",IF(AND(C18<$C$5,D18>$D$5),"TOP LEFT",IF(AND(C18<=$C$5,D18<=$D$5),"BOTTOM LEFT",NA()))))) -> BOTTOM LEFT | H18: =IF($F18="TOP RIGHT",C18,NA()) -> #N/A | I18: =IF($F18="TOP RIGHT",D18,NA()) -> #N/A | K18: =IF($F18="BOTTOM RIGHT",C18,NA()) -> #N/A | L18: =IF($F18="BOTTOM RIGHT",D18,NA()) -> #N/A | N18: =IF($F18="TOP LEFT",C18,NA()) -> #N/A | O18: =IF($F18="TOP LEFT",D18,NA()) -> #N/A | Q18: =IF($F18="BOTTOM LEFT",C18,NA()) -> 4 | R18: =IF($F18="BOTTOM LEFT",D18,NA()) -> 0 | T18: =IF(F18=$AJ$3,(100-(C18+D18)),IF(F18=$AJ$4,(100-(C18+D18))+100,IF(F18=$AJ$5,(100-(C18+D18))+200,IF(F18=$AJ$6,(100-(C18+D18))+300,"")))) -> 396 | U18: =RANK(T18,$T$18:$T$67,1)+COUNTIF(T18:$T$67,T18)-1 -> 47 | AI18: 1 | AJ18: =INDEX($B$18:$B$67,MATCH(AI18,$U$18:$U$67,0)) -> #41 | AL18: =INDEX($F$18:$F$67,MATCH(AJ18,$B$18:$B$67,0)) -> TOP RIGHT
B19: #2 | C19: 5 | D19: 0 | F19: =IF(OR(C19="",D19=""),NA(),IF(AND(C19>=$C$5,D19>=$D$5),"TOP RIGHT",IF(AND(C19>$C$5,D19<$D$5),"BOTTOM RIGHT",IF(AND(C19<$C$5,D19>$D$5),"TOP LEFT",IF(AND(C19<=$C$5,D19<=$D$5),"BOTTOM LEFT",NA()))))) -> BOTTOM RIGHT | H19: =IF($F19="TOP RIGHT",C19,NA()) -> #N/A | I19: =IF($F19="TOP RIGHT",D19,NA()) -> #N/A | K19: =IF($F19="BOTTOM RIGHT",C19,NA()) -> 5 | L19: =IF($F19="BOTTOM RIGHT",D19,NA()) -> 0 | N19: =IF($F19="TOP LEFT",C19,NA()) -> #N/A | O19: =IF($F19="TOP LEFT",D19,NA()) -> #N/A | Q19: =IF($F19="BOTTOM LEFT",C19,NA()) -> #N/A | R19: =IF($F19="BOTTOM LEFT",D19,NA()) -> #N/A | T19: =IF(F19=$AJ$3,(100-(C19+D19)),IF(F19=$AJ$4,(100-(C19+D19))+100,IF(F19=$AJ$5,(100-(C19+D19))+200,IF(F19=$AJ$6,(100-(C19+D19))+300,"")))) -> 195 | U19: =RANK(T19,$T$18:$T$67,1)+COUNTIF(T19:$T$67,T19)-1 -> 31 | AI19: 2 | AJ19: =INDEX($B$18:$B$67,MATCH(AI19,$U$18:$U$67,0)) -> #28 | AL19: =INDEX($F$18:$F$67,MATCH(AJ19,$B$18:$B$67,0)) -> TOP RIGHT
B20: #3 | C20: 4 | D20: 1 | F20: =IF(OR(C20="",D20=""),NA(),IF(AND(C20>=$C$5,D20>=$D$5),"TOP RIGHT",IF(AND(C20>$C$5,D20<$D$5),"BOTTOM RIGHT",IF(AND(C20<$C$5,D20>$D$5),"TOP LEFT",IF(AND(C20<=$C$5,D20<=$D$5),"BOTTOM LEFT",NA()))))) -> BOTTOM LEFT | H20: =IF($F20="TOP RIGHT",C20,NA()) -> #N/A | I20: =IF($F20="TOP RIGHT",D20,NA()) -> #N/A | K20: =IF($F20="BOTTOM RIGHT",C20,NA()) -> #N/A | L20: =IF($F20="BOTTOM RIGHT",D20,NA()) -> #N/A | N20: =IF($F20="TOP LEFT",C20,NA()) -> #N/A | O20: =IF($F20="TOP LEFT",D20,NA()) -> #N/A | Q20: =IF($F20="BOTTOM LEFT",C20,NA()) -> 4 | R20: =IF($F20="BOTTOM LEFT",D20,NA()) -> 1 | T20: =IF(F20=$AJ$3,(100-(C20+D20)),IF(F20=$AJ$4,(100-(C20+D20))+100,IF(F20=$AJ$5,(100-(C20+D20))+200,IF(F20=$AJ$6,(100-(C20+D20))+300,"")))) -> 395 | U20: =RANK(T20,$T$18:$T$67,1)+COUNTIF(T20:$T$67,T20)-1 -> 41 | AI20: 3 | AJ20: =INDEX($B$18:$B$67,MATCH(AI20,$U$18:$U$67,0)) -> #14 | AL20: =INDEX($F$18:$F$67,MATCH(AJ20,$B$18:$B$67,0)) -> TOP RIGHT
B21: #4 | C21: 2 | D21: 2 | F21: =IF(OR(C21="",D21=""),NA(),IF(AND(C21>=$C$5,D21>=$D$5),"TOP RIGHT",IF(AND(C21>$C$5,D21<$D$5),"BOTTOM RIGHT",IF(AND(C21<$C$5,D21>$D$5),"TOP LEFT",IF(AND(C21<=$C$5,D21<=$D$5),"BOTTOM LEFT",NA()))))) -> BOTTOM LEFT | H21: =IF($F21="TOP RIGHT",C21,NA()) -> #N/A | I21: =IF($F21="TOP RIGHT",D21,NA()) -> #N/A | K21: =IF($F21="BOTTOM RIGHT",C21,NA()) -> #N/A | L21: =IF($F21="BOTTOM RIGHT",D21,NA()) -> #N/A | N21: =IF($F21="TOP LEFT",C21,NA()) -> #N/A | O21: =IF($F21="TOP LEFT",D21,NA()) -> #N/A | Q21: =IF($F21="BOTTOM LEFT",C21,NA()) -> 2 | R21: =IF($F21="BOTTOM LEFT",D21,NA()) -> 2 | T21: =IF(F21=$AJ$3,(100-(C21+D21)),IF(F21=$AJ$4,(100-(C21+D21))+100,IF(F21=$AJ$5,(100-(C21+D21))+200,IF(F21=$AJ$6,(100-(C21+D21))+300,"")))) -> 396 | U21: =RANK(T21,$T$18:$T$67,1)+COUNTIF(T21:$T$67,T21)-1 -> 46 | AI21: 4 | AJ21: =INDEX($B$18:$B$67,MATCH(AI21,$U$18:$U$67,0)) -> #25 | AL21: =INDEX($F$18:$F$67,MATCH(AJ21,$B$18:$B$67,0)) -> TOP RIGHT
B22: #5 | C22: 5 | D22: 4 | F22: =IF(OR(C22="",D22=""),NA(),IF(AND(C22>=$C$5,D22>=$D$5),"TOP RIGHT",IF(AND(C22>$C$5,D22<$D$5),"BOTTOM RIGHT",IF(AND(C22<$C$5,D22>$D$5),"TOP LEFT",IF(AND(C22<=$C$5,D22<=$D$5),"BOTTOM LEFT",NA()))))) -> TOP RIGHT | H22: =IF($F22="TOP RIGHT",C22,NA()) -> 5 | I22: =IF($F22="TOP RIGHT",D22,NA()) -> 4 | K22: =IF($F22="BOTTOM RIGHT",C22,NA()) -> #N/A | L22: =IF($F22="BOTTOM RIGHT",D22,NA()) -> #N/A | N22: =IF($F22="TOP LEFT",C22,NA()) -> #N/A | O22: =IF($F22="TOP LEFT",D22,NA()) -> #N/A | Q22: =IF($F22="BOTTOM LEFT",C22,NA()) -> #N/A | R22: =IF($F22="BOTTOM LEFT",D22,NA()) -> #N/A | T22: =IF(F22=$AJ$3,(100-(C22+D22)),IF(F22=$AJ$4,(100-(C22+D22))+100,IF(F22=$AJ$5,(100-(C22+D22))+200,IF(F22=$AJ$6,(100-(C22+D22))+300,"")))) -> 91 | U22: =RANK(T22,$T$18:$T$67,1)+COUNTIF(T22:$T$67,T22)-1 -> 10 | AI22: 5 | AJ22: =INDEX($B$18:$B$67,MATCH(AI22,$U$18:$U$67,0)) -> #30 | AL22: =INDEX($F$18:$F$67,MATCH(AJ22,$B$18:$B$67,0)) -> TOP RIGHT
B23: #6 | C23: 2 | D23: 6 | F23: =IF(OR(C23="",D23=""),NA(),IF(AND(C23>=$C$5,D23>=$D$5),"TOP RIGHT",IF(AND(C23>$C$5,D23<$D$5),"BOTTOM RIGHT",IF(AND(C23<$C$5,D23>$D$5),"TOP LEFT",IF(AND(C23<=$C$5,D23<=$D$5),"BOTTOM LEFT",NA()))))) -> TOP LEFT | H23: =IF($F23="TOP RIGHT",C23,NA()) -> #N/A | I23: =IF($F23="TOP RIGHT",D23,NA()) -> #N/A | K23: =IF($F23="BOTTOM RIGHT",C23,NA()) -> #N/A | L23: =IF($F23="BOTTOM RIGHT",D23,NA()) -> #N/A | N23: =IF($F23="TOP LEFT",C23,NA()) -> 2 | O23: =IF($F23="TOP LEFT",D23,NA()) -> 6 | Q23: =IF($F23="BOTTOM LEFT",C23,NA()) -> #N/A | R23: =IF($F23="BOTTOM LEFT",D23,NA()) -> #N/A | T23: =IF(F23=$AJ$3,(100-(C23+D23)),IF(F23=$AJ$4,(100-(C23+D23))+100,IF(F23=$AJ$5,(100-(C23+D23))+200,IF(F23=$AJ$6,(100-(C23+D23))+300,"")))) -> 292 | U23: =RANK(T23,$T$18:$T$67,1)+COUNTIF(T23:$T$67,T23)-1 -> 33 | AI23: 6 | AJ23: =INDEX($B$18:$B$67,MATCH(AI23,$U$18:$U$67,0)) -> #22 | AL23: =INDEX($F$18:$F$67,MATCH(AJ23,$B$18:$B$67,0)) -> TOP RIGHT
B24: #7 | C24: 7 | D24: 4 | F24: =IF(OR(C24="",D24=""),NA(),IF(AND(C24>=$C$5,D24>=$D$5),"TOP RIGHT",IF(AND(C24>$C$5,D24<$D$5),"BOTTOM RIGHT",IF(AND(C24<$C$5,D24>$D$5),"TOP LEFT",IF(AND(C24<=$C$5,D24<=$D$5),"BOTTOM LEFT",NA()))))) -> TOP RIGHT | H24: =IF($F24="TOP RIGHT",C24,NA()) -> 7 | I24: =IF($F24="TOP RIGHT",D24,NA()) -> 4 | K24: =IF($F24="BOTTOM RIGHT",C24,NA()) -> #N/A | L24: =IF($F24="BOTTOM RIGHT",D24,NA()) -> #N/A | N24: =IF($F24="TOP LEFT",C24,NA()) -> #N/A | O24: =IF($F24="TOP LEFT",D24,NA()) -> #N/A | Q24: =IF($F24="BOTTOM LEFT",C24,NA()) -> #N/A | R24: =IF($F24="BOTTOM LEFT",D24,NA()) -> #N/A | T24: =IF(F24=$AJ$3,(100-(C24+D24)),IF(F24=$AJ$4,(100-(C24+D24))+100,IF(F24=$AJ$5,(100-(C24+D24))+200,IF(F24=$AJ$6,(100-(C24+D24))+300,"")))) -> 89 | U24: =RANK(T24,$T$18:$T$67,1)+COUNTIF(T24:$T$67,T24)-1 -> 7 | AI24: 7 | AJ24: =INDEX($B$18:$B$67,MATCH(AI24,$U$18:$U$67,0)) -> #7 | AL24: =INDEX($F$18:$F$67,MATCH(AJ24,$B$18:$B$67,0)) -> TOP RIGHT
B25: #8 | C25: 8 | D25: 1 | F25: =IF(OR(C25="",D25=""),NA(),IF(AND(C25>=$C$5,D25>=$D$5),"TOP RIGHT",IF(AND(C25>$C$5,D25<$D$5),"BOTTOM RIGHT",IF(AND(C25<$C$5,D25>$D$5),"TOP LEFT",IF(AND(C25<=$C$5,D25<=$D$5),"BOTTOM LEFT",NA()))))) -> BOTTOM RIGHT | H25: =IF($F25="TOP RIGHT",C25,NA()) -> #N/A | I25: =IF($F25="TOP RIGHT",D25,NA()) -> #N/A | K25: =IF($F25="BOTTOM RIGHT",C25,NA()) -> 8 | L25: =IF($F25="BOTTOM RIGHT",D25,NA()) -> 1 | N25: =IF($F25="TOP LEFT",C25,NA()) -> #N/A | O25: =IF($F25="TOP LEFT",D25,NA()) -> #N/A | Q25: =IF($F25="BOTTOM LEFT",C25,NA()) -> #N/A | R25: =IF($F25="BOTTOM LEFT",D25,NA()) -> #N/A | T25: =IF(F25=$AJ$3,(100-(C25+D25)),IF(F25=$AJ$4,(100-(C25+D25))+100,IF(F25=$AJ$5,(100-(C25+D25))+200,IF(F25=$AJ$6,(100-(C25+D25))+300,"")))) -> 191 | U25: =RANK(T25,$T$18:$T$67,1)+COUNTIF(T25:$T$67,T25)-1 -> 17 | AI25: 8 | AJ25: =INDEX($B$18:$B$67,MATCH(AI25,$U$18:$U$67,0)) -> #20 | AL25: =INDEX($F$18:$F$67,MATCH(AJ25,$B$18:$B$67,0)) -> TOP RIGHT
B26: #9 | C26: 6 | D26: 4 | F26: =IF(OR(C26="",D26=""),NA(),IF(AND(C26>=$C$5,D26>=$D$5),"TOP RIGHT",IF(AND(C26>$C$5,D26<$D$5),"BOTTOM RIGHT",IF(AND(C26<$C$5,D26>$D$5),"TOP LEFT",IF(AND(C26<=$C$5,D26<=$D$5),"BOTTOM LEFT",NA()))))) -> TOP RIGHT | H26: =IF($F26="TOP RIGHT",C26,NA()) -> 6 | I26: =IF($F26="TOP RIGHT",D26,NA()) -> 4 | K26: =IF($F26="BOTTOM RIGHT",C26,NA()) -> #N/A | L26: =IF($F26="BOTTOM RIGHT",D26,NA()) -> #N/A | N26: =IF($F26="TOP LEFT",C26,NA()) -> #N/A | O26: =IF($F26="TOP LEFT",D26,NA()) -> #N/A | Q26: =IF($F26="BOTTOM LEFT",C26,NA()) -> #N/A | R26: =IF($F26="BOTTOM LEFT",D26,NA()) -> #N/A | T26: =IF(F26=$AJ$3,(100-(C26+D26)),IF(F26=$AJ$4,(100-(C26+D26))+100,IF(F26=$AJ$5,(100-(C26+D26))+200,IF(F26=$AJ$6,(100-(C26+D26))+300,"")))) -> 90 | U26: =RANK(T26,$T$18:$T$67,1)+COUNTIF(T26:$T$67,T26)-1 -> 9 | AI26: 9 | AJ26: =INDEX($B$18:$B$67,MATCH(AI26,$U$18:$U$67,0)) -> #9 | AL26: =INDEX($F$18:$F$67,MATCH(AJ26,$B$18:$B$67,0)) -> TOP RIGHT
B27: #10 | C27: 4 | D27: 3 | F27: =IF(OR(C27="",D27=""),NA(),IF(AND(C27>=$C$5,D27>=$D$5),"TOP RIGHT",IF(AND(C27>$C$5,D27<$D$5),"BOTTOM RIGHT",IF(AND(C27<$C$5,D27>$D$5),"TOP LEFT",IF(AND(C27<=$C$5,D27<=$D$5),"BOTTOM LEFT",NA()))))) -> TOP RIGHT | H27: =IF($F27="TOP RIGHT",C27,NA()) -> 4 | I27: =IF($F27="TOP RIGHT",D27,NA()) -> 3 | K27: =IF($F27="BOTTOM RIGHT",C27,NA()) -> #N/A | L27: =IF($F27="BOTTOM RIGHT",D27,NA()) -> #N/A | N27: =IF($F27="TOP LEFT",C27,NA()) -> #N/A | O27: =IF($F27="TOP LEFT",D27,NA()) -> #N/A | Q27: =IF($F27="BOTTOM LEFT",C27,NA()) -> #N/A | R27: =IF($F27="BOTTOM LEFT",D27,NA()) -> #N/A | T27: =IF(F27=$AJ$3,(100-(C27+D27)),IF(F27=$AJ$4,(100-(C27+D27))+100,IF(F27=$AJ$5,(100-(C27+D27))+200,IF(F27=$AJ$6,(100-(C27+D27))+300,"")))) -> 93 | U27: =RANK(T27,$T$18:$T$67,1)+COUNTIF(T27:$T$67,T27)-1 -> 13 | AI27: 10 | AJ27: =INDEX($B$18:$B$67,MATCH(AI27,$U$18:$U$67,0)) -> #5 | AL27: =INDEX($F$18:$F$67,MATCH(AJ27,$B$18:$B$67,0)) -> TOP RIGHT
B28: #11 | C28: 1 | D28: 1 | F28: =IF(OR(C28="",D28=""),NA(),IF(AND(C28>=$C$5,D28>=$D$5),"TOP RIGHT",IF(AND(C28>$C$5,D28<$D$5),"BOTTOM RIGHT",IF(AND(C28<$C$5,D28>$D$5),"TOP LEFT",IF(AND(C28<=$C$5,D28<=$D$5),"BOTTOM LEFT",NA()))))) -> BOTTOM LEFT | H28: =IF($F28="TOP RIGHT",C28,NA()) -> #N/A | I28: =IF($F28="TOP RIGHT",D28,NA()) -> #N/A | K28: =IF($F28="BOTTOM RIGHT",C28,NA()) -> #N/A | L28: =IF($F28="BOTTOM RIGHT",D28,NA()) -> #N/A | N28: =IF($F28="TOP LEFT",C28,NA()) -> #N/A | O28: =IF($F28="TOP LEFT",D28,NA()) -> #N/A | Q28: =IF($F28="BOTTOM LEFT",C28,NA()) -> 1 | R28: =IF($F28="BOTTOM LEFT",D28,NA()) -> 1 | T28: =IF(F28=$AJ$3,(100-(C28+D28)),IF(F28=$AJ$4,(100-(C28+D28))+100,IF(F28=$AJ$5,(100-(C28+D28))+200,IF(F28=$AJ$6,(100-(C28+D28))+300,"")))) -> 398 | U28: =RANK(T28,$T$18:$T$67,1)+COUNTIF(T28:$T$67,T28)-1 -> 49 | AI28: 11 | AJ28: =INDEX($B$18:$B$67,MATCH(AI28,$U$18:$U$67,0)) -> #50 | AL28: =INDEX($F$18:$F$67,MATCH(AJ28,$B$18:$B$67,0)) -> TOP RIGHT
B29: #12 | C29: 2 | D29: 5 | F29: =IF(OR(C29="",D29=""),NA(),IF(AND(C29>=$C$5,D29>=$D$5),"TOP RIGHT",IF(AND(C29>$C$5,D29<$D$5),"BOTTOM RIGHT",IF(AND(C29<$C$5,D29>$D$5),"TOP LEFT",IF(AND(C29<=$C$5,D29<=$D$5),"BOTTOM LEFT",NA()))))) -> TOP LEFT | H29: =IF($F29="TOP RIGHT",C29,NA()) -> #N/A | I29: =IF($F29="TOP RIGHT",D29,NA()) -> #N/A | K29: =IF($F29="BOTTOM RIGHT",C29,NA()) -> #N/A | L29: =IF($F29="BOTTOM RIGHT",D29,NA()) -> #N/A | N29: =IF($F29="TOP LEFT",C29,NA()) -> 2 | O29: =IF($F29="TOP LEFT",D29,NA()) -> 5 | Q29: =IF($F29="BOTTOM LEFT",C29,NA()) -> #N/A | R29: =IF($F29="BOTTOM LEFT",D29,NA()) -> #N/A | T29: =IF(F29=$AJ$3,(100-(C29+D29)),IF(F29=$AJ$4,(100-(C29+D29))+100,IF(F29=$AJ$5,(100-(C29+D29))+200,IF(F29=$AJ$6,(100-(C29+D29))+300,"")))) -> 293 | U29: =RANK(T29,$T$18:$T$67,1)+COUNTIF(T29:$T$67,T29)-1 -> 35 | AI29: 12 | AJ29: =INDEX($B$18:$B$67,MATCH(AI29,$U$18:$U$67,0)) -> #26 | AL29: =INDEX($F$18:$F$67,MATCH(AJ29,$B$18:$B$67,0)) -> TOP RIGHT
... B67: #50 | C67: 4 | D67: 4 | F67: =IF(OR(C67="",D67=""),NA(),IF(AND(C67>=$C$5,D67>=$D$5),"TOP RIGHT",IF(AND(C67>$C$5,D67<$D$5),"BOTTOM RIGHT",IF(AND(C67<$C$5,D67>$D$5),"TOP LEFT",IF(AND(C67<=$C$5,D67<=$D$5),"BOTTOM LEFT",NA()))))) -> TOP RIGHT | H67: =IF($F67="TOP RIGHT",C67,NA()) -> 4 | I67: =IF($F67="TOP RIGHT",D67,NA()) -> 4 | K67: =IF($F67="BOTTOM RIGHT",C67,NA()) -> #N/A | L67: =IF($F67="BOTTOM RIGHT",D67,NA()) -> #N/A | N67: =IF($F67="TOP LEFT",C67,NA()) -> #N/A | O67: =IF($F67="TOP LEFT",D67,NA()) -> #N/A | Q67: =IF($F67="BOTTOM LEFT",C67,NA()) -> #N/A | R67: =IF($F67="BOTTOM LEFT",D67,NA()) -> #N/A | T67: =IF(F67=$AJ$3,(100-(C67+D67)),IF(F67=$AJ$4,(100-(C67+D67))+100,IF(F67=$AJ$5,(100-(C67+D67))+200,IF(F67=$AJ$6,(100-(C67+D67))+300,"")))) -> 92 | U67: =RANK(T67,$T$18:$T$67,1)+COUNTIF(T67:$T$67,T67)-1 -> 11 | AI67: 50 | AJ67: =INDEX($B$18:$B$67,MATCH(AI67,$U$18:$U$67,0)) -> #34 | AL67: =INDEX($F$18:$F$67,MATCH(AJ67,$B$18:$B$67,0)) -> BOTTOM LEFT
